{
    "30099552": {
        "entities": [
            {
                "start_idx": 315,
                "end_idx": 336,
                "location": "abstract",
                "text_span": "gastrointestinal tract",
                "label": "anatomical location",
                "uri": "http://purl.obolibrary.org/obo/NCIT_C34082"
            },
            {
                "start_idx": 393,
                "end_idx": 408,
                "location": "abstract",
                "text_span": "human microbiome",
                "label": "microbiome",
                "uri": "http://purl.obolibrary.org/obo/OHMI_0000002"
            }
        ]
    },
    "37124355": {     
        "entities": [
            {
                "start_idx": 14,
                "end_idx": 27,
                "location": "title",
                "text_span": "Gut Microbiome",
                "label": "microbiome",
                "uri": "http://purl.obolibrary.org/obo/NCIT_C93019"
            },
            {
                "start_idx": 46,
                "end_idx": 58,
                "location": "title",
                "text_span": "Schizophrenia",
                "label": "DDF",
                "uri": "http://purl.obolibrary.org/obo/NCIT_C3362"
            },
            {
                "start_idx": 0,
                "end_idx": 12,
                "location": "abstract",
                "text_span": "Schizophrenia",
                "label": "DDF",
                "uri": "http://purl.obolibrary.org/obo/NCIT_C3362"
            }
        ]
    }
}