{
    "30099552": {
        "concept_level_relations": [
            {
                "subject_uri": "http://purl.obolibrary.org/obo/OHMI_0000002",
                "subject_label": "microbiome",
                "predicate": "located in",
                "object_uri": "http://purl.obolibrary.org/obo/NCIT_C34082",
                "object_label": "anatomical location"
            }
        ]
    },
    "37124355": {
        "concept_level_relations": [
            {
                "subject_uri": "http://purl.obolibrary.org/obo/NCIT_C93019",
                "subject_label": "microbiome",
                "predicate": "is linked to",
                "object_uri": "http://purl.obolibrary.org/obo/NCIT_C3362",
                "object_label": "DDF"
            }
        ]
    }
}