{
    "30099552": {
        "ternary_tag_based_relations": [
            {
                "subject_label": "microbiome",
                "predicate": "located in",
                "object_label": "anatomical location"
            }
        ]
    },
    "37124355": {
        "ternary_tag_based_relations": [
            {
                "subject_label": "microbiome",
                "predicate": "is linked to",
                "object_label": "DDF"
            }
        ]
    }
}