{
    "30099552": {
        "mention_level_relations": [
            {
                "subject_text_span": "human microbiome",
                "subject_label": "microbiome",
                "predicate": "located in",
                "object_text_span": "gastrointestinal tract",
                "object_label": "anatomical location"
            }
        ]
    },
    "37124355": {
        "mention_level_relations": [
            {
                "subject_text_span": "Gut Microbiome",
                "subject_label": "microbiome",
                "predicate": "is linked to",
                "object_text_span": "Schizophrenia",
                "object_label": "DDF"
            }
        ]
    }
}